ReportYear,OrganisationCode,OrganisationName,CountryName,RegionName,SustainabilityAndTransformationPartnershipName,IntegratedCareBoardName,NeonatalNetworkName,Longitude,Latitude,TotalBirths,TotalStillbirths,CrudeStillbirthRate,CrudeStillbirthCategoryID,CrudeStillbirthCategoryName,StabilisedStillbirthRate,StabilisedStillbirthCategoryID,StabilisedStillbirthCategoryName,StabilisedStillbirthCI,TotalLiveBirths,TotalNeonatalDeaths,CrudeNeonatalDeathRate,CrudeNeonatalDeathCategoryID,CrudeNeonatalDeathCategoryName,StabilisedNeonatalDeathRate,StabilisedNeonatalDeathCategoryID,StabilisedNeonatalDeathCategoryName,StabilisedNeonatalDeathCI,TotalPerinatalDeaths,CrudePerinatalDeathRate,CrudePerinatalDeathCategoryID,CrudePerinatalDeathCategoryName,StabilisedPerinatalDeathRate,StabilisedPerinatalDeathCategoryID,StabilisedPerinatalDeathCategoryName,StabilisedPerinatalDeathCI,ComparatorGroupID,ComparatorGroupName,GroupAverageStillbirthRate,GroupAverageNeonatalDeathRate,GroupAveragePerinatalDeathRate
2024,5,Airedale NHS Foundation Trust,England,North East and Yorkshire,,,Yorkshire & Humber,-1.962694662,53.89801502,1787,-1,-1,0,Suppressed due to small numbers,2.56,4,Within 5%,1.92 to 3.37,1781,-1,-1,0,Suppressed due to small numbers,0.73,4,Within 5%,0.37 to 1.30,7,3.92,5,Over 5% higher,3.29,4,Within 5%,2.51 to 4.38,5,"Under 2,000 births",2.55,0.74,3.29
2024,7,Aneurin Bevan University Health Board,Wales,Wales,,,Wales,-2.998152313,51.57979804,5290,22,4.16,5,Over 5% higher,3.55,4,Within 5%,2.98 to 4.32,5268,8,1.52,2,Over 15% lower,1.93,4,Within 5%,1.23 to 2.94,30,5.67,4,Within 5%,5.48,4,Within 5%,4.72 to 7.02,2,Level 3 NICU,3.5,1.92,5.42
2024,8,Ashford and St Peter's Hospital NHS Foundation Trust,England,South East,,,"Kent, Surrey and Sussex",-0.472709324,51.44410155,2770,11,3.97,5,Over 5% higher,3.53,4,Within 5%,2.92 to 4.21,2759,4,1.45,2,Over 15% lower,1.61,2,Over 15% lower,1.06 to 2.54,15,5.42,4,Within 5%,4.99,3,5 to 15% lower,4.21 to 6.61,2,Level 3 NICU,3.5,1.92,5.42
2024,10,"Barking, Havering and Redbridge University Hospitals NHS Trust",England,London,,,London,0.112106859,51.58054479,7275,32,4.4,5,Over 5% higher,2.98,4,Within 5%,2.54 to 3.62,7243,7,0.97,3,5 to 15% lower,1.04,4,Within 5%,0.66 to 1.65,39,5.36,5,Over 5% higher,4.01,4,Within 5%,3.50 to 4.99,3,"4,000 or more births",2.93,1.04,3.96
2024,13,Barnsley Hospital NHS Foundation Trust,England,North East and Yorkshire,,,Yorkshire & Humber,-1.499578108,53.55831397,2897,-1,-1,0,Suppressed due to small numbers,2.85,4,Within 5%,2.39 to 3.28,2889,-1,-1,0,Suppressed due to small numbers,1.07,3,5 to 15% lower,0.66 to 1.76,10,3.45,3,5 to 15% lower,3.91,4,Within 5%,3.39 to 4.82,4,"2,000-3,999 births",2.85,1.12,3.96
2024,14,Barts Health NHS Trust,England,London,,,London,0.002638361,51.57883109,14395,55,3.82,5,Over 5% higher,3.44,4,Within 5%,2.87 to 4.13,14340,25,1.74,2,Over 15% lower,1.99,2,Over 15% lower,1.39 to 2.88,80,5.56,4,Within 5%,5.46,3,5 to 15% lower,4.80 to 6.85,1,Level 3 NICU & neonatal surgery,3.49,2.36,5.84
2024,118,Bedfordshire Hospitals NHS Foundation Trust,England,East of England,,,East of England,-0.474268944,51.89417721,8118,30,3.7,5,Over 5% higher,3.51,4,Within 5%,2.97 to 4.07,8088,14,1.73,3,5 to 15% lower,1.92,4,Within 5%,1.27 to 2.83,44,5.42,4,Within 5%,5.42,4,Within 5%,4.76 to 6.66,2,Level 3 NICU,3.5,1.92,5.42
2024,17,Belfast Health and Social Care Trust,Northern Ireland,Northern Ireland,,,Northern Ireland,-5.952873891,54.59439114,4595,22,4.79,5,Over 5% higher,3.56,4,Within 5%,2.90 to 4.45,4573,24,5.25,5,Over 5% higher,3.37,5,Over 5% higher,2.19 to 5.03,46,10.01,5,Over 5% higher,7.15,5,Over 5% higher,5.76 to 9.41,1,Level 3 NICU & neonatal surgery,3.49,2.36,5.84
2024,20,Betsi Cadwaladr University Health Board,Wales,Wales,,,Wales,-4.159825146,53.20901957,5587,17,3.04,4,Within 5%,2.94,4,Within 5%,2.57 to 3.47,5570,10,1.8,5,Over 5% higher,1.2,5,Over 5% higher,0.77 to 1.84,27,4.83,5,Over 5% higher,4.18,5,Over 5% higher,3.66 to 5.22,3,"4,000 or more births",2.93,1.04,3.96
2024,22,Birmingham Women's and Children's NHS Foundation Trust,England,Midlands,,,West Midlands,-1.942243239,52.45318512,7403,36,4.86,5,Over 5% higher,3.52,4,Within 5%,3.02 to 4.26,7367,49,6.65,5,Over 5% higher,4.13,5,Over 5% higher,2.94 to 6.02,85,11.48,5,Over 5% higher,7.78,5,Over 5% higher,6.64 to 10.10,1,Level 3 NICU & neonatal surgery,3.49,2.36,5.84
2024,26,Blackpool Teaching Hospitals NHS Foundation Trust,England,North West,,,North West,-3.016264483,53.8206695,2373,8,3.37,5,Over 5% higher,2.85,4,Within 5%,2.45 to 3.32,2365,4,1.69,5,Over 5% higher,1.17,4,Within 5%,0.71 to 1.90,12,5.06,5,Over 5% higher,4.02,4,Within 5%,3.49 to 5.03,4,"2,000-3,999 births",2.85,1.12,3.96
2024,27,Bolton NHS Foundation Trust,England,North West,,,North West,-2.43018498,53.55441453,5067,20,3.95,5,Over 5% higher,3.51,4,Within 5%,2.96 to 4.05,5047,7,1.39,2,Over 15% lower,1.72,3,5 to 15% lower,1.12 to 2.56,27,5.33,4,Within 5%,5.22,4,Within 5%,4.60 to 6.44,2,Level 3 NICU,3.5,1.92,5.42
2024,29,Bradford Teaching Hospitals NHS Foundation Trust,England,North East and Yorkshire,,,Yorkshire & Humber,-1.794879358,53.80588187,5289,30,5.67,5,Over 5% higher,3.57,4,Within 5%,2.98 to 4.43,5259,10,1.9,4,Within 5%,1.76,3,5 to 15% lower,1.14 to 2.60,40,7.56,5,Over 5% higher,5.31,4,Within 5%,4.72 to 6.83,2,Level 3 NICU,3.5,1.92,5.42
2024,32,Buckinghamshire Healthcare NHS Trust,England,South East,,,Thames Valley and Wessex,-0.802757325,51.79830765,4482,11,2.45,2,Over 15% lower,2.91,4,Within 5%,2.48 to 3.42,4471,8,1.79,5,Over 5% higher,1.25,5,Over 5% higher,0.78 to 1.96,19,4.24,5,Over 5% higher,4.16,5,Over 5% higher,3.51 to 5.12,3,"4,000 or more births",2.93,1.04,3.96
2024,34,Calderdale and Huddersfield NHS Foundation Trust,England,North East and Yorkshire,,,Yorkshire & Humber,-1.857279743,53.70530631,4272,24,5.62,5,Over 5% higher,3.01,4,Within 5%,2.49 to 3.92,4248,4,0.94,3,5 to 15% lower,1.02,4,Within 5%,0.64 to 1.68,28,6.55,5,Over 5% higher,4.03,4,Within 5%,3.44 to 5.28,3,"4,000 or more births",2.93,1.04,3.96
2024,36,Cambridge University Hospitals NHS Foundation Trust,England,East of England,,,East of England,0.13911444,52.1737407,5459,11,2.02,2,Over 15% lower,3.46,4,Within 5%,2.82 to 4.02,5448,10,1.84,2,Over 15% lower,2.07,3,5 to 15% lower,1.39 to 3.08,21,3.85,2,Over 15% lower,5.46,3,5 to 15% lower,4.55 to 6.92,1,Level 3 NICU & neonatal surgery,3.49,2.36,5.84
2024,40,Cardiff and Vale University Health Board,Wales,Wales,,,Wales,-3.189360354,51.50676434,5021,26,5.18,5,Over 5% higher,3.57,4,Within 5%,2.93 to 4.52,4995,11,2.2,3,5 to 15% lower,2.37,4,Within 5%,1.58 to 3.57,37,7.37,5,Over 5% higher,5.94,4,Within 5%,4.96 to 7.67,1,Level 3 NICU & neonatal surgery,3.49,2.36,5.84
2024,44,Chelsea and Westminster Hospital NHS Foundation Trust,England,London,,,London,-0.181458758,51.48426049,10773,29,2.69,2,Over 15% lower,3.43,4,Within 5%,2.73 to 4.06,10744,23,2.14,3,5 to 15% lower,2.66,5,Over 5% higher,1.81 to 3.85,52,4.83,2,Over 15% lower,6.04,4,Within 5%,5.01 to 7.62,1,Level 3 NICU & neonatal surgery,3.49,2.36,5.84
2024,46,Chesterfield Royal Hospital NHS Foundation Trust,England,Midlands,,,Yorkshire & Humber,-1.400081229,53.23622277,2781,7,2.52,3,5 to 15% lower,2.84,4,Within 5%,2.44 to 3.32,2774,4,1.44,5,Over 5% higher,1.18,4,Within 5%,0.73 to 1.89,11,3.96,4,Within 5%,4.01,4,Within 5%,3.45 to 4.97,4,"2,000-3,999 births",2.85,1.12,3.96
2024,50,Countess of Chester Hospital NHS Foundation Trust,England,North West,,,North West,-2.899024442,53.21176712,1951,-1,-1,0,Suppressed due to small numbers,2.54,4,Within 5%,1.83 to 3.32,1947,-1,-1,0,Suppressed due to small numbers,0.77,5,Over 5% higher,0.39 to 1.45,6,3.08,3,5 to 15% lower,3.31,4,Within 5%,2.49 to 4.39,5,"Under 2,000 births",2.55,0.74,3.29
2024,51,County Durham and Darlington NHS Foundation Trust,England,North East and Yorkshire,,,Northern,-1.592928212,54.78889855,3849,11,2.86,4,Within 5%,2.93,4,Within 5%,2.46 to 3.54,3838,7,1.82,5,Over 5% higher,1.26,5,Over 5% higher,0.76 to 2.02,18,4.68,5,Over 5% higher,4.18,5,Over 5% higher,3.60 to 5.22,3,"4,000 or more births",2.93,1.04,3.96
2024,53,Croydon Health Services NHS Trust,England,London,,,London,-0.108783178,51.38912869,3271,18,5.5,5,Over 5% higher,2.89,4,Within 5%,2.45 to 3.61,3253,5,1.54,5,Over 5% higher,1.2,5,Over 5% higher,0.75 to 1.94,23,7.03,5,Over 5% higher,4.08,4,Within 5%,3.57 to 5.10,4,"2,000-3,999 births",2.85,1.12,3.96
2024,55,Cwm Taf Morgannwg University Health Board,Wales,Wales,,,Wales,-3.385504526,51.76395402,4221,-1,-1,0,Suppressed due to small numbers,2.93,4,Within 5%,2.55 to 3.50,4209,-1,-1,0,Suppressed due to small numbers,0.89,3,5 to 15% lower,0.53 to 1.43,13,3.08,2,Over 15% lower,3.81,4,Within 5%,3.34 to 4.67,3,"4,000 or more births",2.93,1.04,3.96
2024,56,Dartford and Gravesham NHS Trust,England,South East,,,"Kent, Surrey and Sussex",0.166643343,51.47711269,4607,16,3.47,5,Over 5% higher,2.94,4,Within 5%,2.52 to 3.52,4591,3,0.65,2,Over 15% lower,0.98,3,5 to 15% lower,0.57 to 1.58,19,4.12,4,Within 5%,3.92,4,Within 5%,3.40 to 4.84,3,"4,000 or more births",2.93,1.04,3.96
2024,61,Doncaster and Bassetlaw Hospitals NHS Foundation Trust,England,North East and Yorkshire,,,Yorkshire & Humber,-1.109256679,53.53074188,4362,11,2.52,3,5 to 15% lower,2.91,4,Within 5%,2.45 to 3.42,4351,3,0.69,2,Over 15% lower,0.93,3,5 to 15% lower,0.57 to 1.46,14,3.21,2,Over 15% lower,3.81,4,Within 5%,3.31 to 4.74,3,"4,000 or more births",2.93,1.04,3.96
2024,62,Dorset County Hospital NHS Foundation Trust,England,South West,,,Thames Valley and Wessex,-2.447125333,50.71346129,1617,-1,-1,0,Suppressed due to small numbers,2.55,4,Within 5%,1.83 to 3.41,1613,-1,-1,0,Suppressed due to small numbers,0.77,4,Within 5%,0.40 to 1.37,6,3.71,5,Over 5% higher,3.32,4,Within 5%,2.51 to 4.49,5,"Under 2,000 births",2.55,0.74,3.29
2024,66,East and North Hertfordshire NHS Trust,England,East of England,,,East of England,-0.212726073,51.92461065,4444,-1,-1,0,Suppressed due to small numbers,2.92,4,Within 5%,2.49 to 3.41,4434,-1,-1,0,Suppressed due to small numbers,0.93,3,5 to 15% lower,0.59 to 1.52,12,2.7,2,Over 15% lower,3.83,4,Within 5%,3.40 to 4.76,3,"4,000 or more births",2.93,1.04,3.96
2024,67,East Cheshire NHS Trust,England,North West,,,North West,-2.141583841,53.26225793,1243,-1,-1,0,Suppressed due to small numbers,2.54,4,Within 5%,1.80 to 3.28,1242,-1,-1,0,Suppressed due to small numbers,0.74,4,Within 5%,0.37 to 1.42,-1,-1,0,Suppressed due to small numbers,3.28,4,Within 5%,2.46 to 4.33,5,"Under 2,000 births",2.55,0.74,3.29
2024,68,East Kent Hospitals University NHS Foundation Trust,England,South East,,,"Kent, Surrey and Sussex",1.389384459,51.37805301,5901,11,1.86,2,Over 15% lower,3.43,4,Within 5%,2.68 to 4.09,5890,11,1.87,4,Within 5%,2.19,5,Over 5% higher,1.44 to 3.26,22,3.73,2,Over 15% lower,5.58,4,Within 5%,4.66 to 6.88,2,Level 3 NICU,3.5,1.92,5.42
2024,69,East Lancashire Hospitals NHS Trust,England,North West,,,North West,-2.22816413,53.80982996,6034,19,3.15,3,5 to 15% lower,3.47,4,Within 5%,2.86 to 4.16,6015,11,1.83,4,Within 5%,1.96,4,Within 5%,1.29 to 3.05,30,4.97,3,5 to 15% lower,5.42,4,Within 5%,4.62 to 6.75,2,Level 3 NICU,3.5,1.92,5.42
2024,97,East Suffolk and North Essex NHS Foundation Trust,England,East of England,,,East of England,1.196346083,52.06001244,6514,21,3.22,5,Over 5% higher,2.95,4,Within 5%,2.55 to 3.52,6493,11,1.69,5,Over 5% higher,1.29,5,Over 5% higher,0.83 to 2.06,32,4.91,5,Over 5% higher,4.27,5,Over 5% higher,3.67 to 5.31,3,"4,000 or more births",2.93,1.04,3.96
2024,73,East Sussex Healthcare NHS Trust,England,South East,,,"Kent, Surrey and Sussex",0.567707879,50.88537304,2702,-1,-1,0,Suppressed due to small numbers,2.84,4,Within 5%,2.43 to 3.34,2695,-1,-1,0,Suppressed due to small numbers,1.01,3,5 to 15% lower,0.61 to 1.72,8,2.96,2,Over 15% lower,3.85,4,Within 5%,3.36 to 4.83,4,"2,000-3,999 births",2.85,1.12,3.96
2024,74,Epsom and St Helier University Hospitals NHS Trust,England,London,,,London,-0.273407437,51.32502613,3558,13,3.65,5,Over 5% higher,2.87,4,Within 5%,2.50 to 3.48,3545,4,1.13,4,Within 5%,1.17,4,Within 5%,0.72 to 1.90,17,4.78,5,Over 5% higher,4.05,4,Within 5%,3.52 to 5.16,4,"2,000-3,999 births",2.85,1.12,3.96
2024,75,Frimley Health NHS Foundation Trust,England,South East,,,Thames Valley and Wessex,-0.741555048,51.31967019,9278,23,2.48,2,Over 15% lower,2.9,4,Within 5%,2.44 to 3.35,9255,12,1.3,5,Over 5% higher,1.23,5,Over 5% higher,0.78 to 2.01,35,3.77,4,Within 5%,4.12,4,Within 5%,3.56 to 5.09,3,"4,000 or more births",2.93,1.04,3.96
2024,76,Gateshead Health NHS Foundation Trust,England,North East and Yorkshire,,,Northern,-1.581051286,54.93889572,1990,-1,-1,0,Suppressed due to small numbers,2.55,4,Within 5%,1.87 to 3.35,1985,-1,-1,0,Suppressed due to small numbers,0.73,4,Within 5%,0.35 to 1.25,6,3.02,3,5 to 15% lower,3.28,4,Within 5%,2.45 to 4.31,5,"Under 2,000 births",2.55,0.74,3.29
2024,77,George Eliot Hospital NHS Trust,England,Midlands,,,West Midlands,-1.475130691,52.5119994,2123,-1,-1,0,Suppressed due to small numbers,2.84,4,Within 5%,2.42 to 3.30,2117,-1,-1,0,Suppressed due to small numbers,0.99,3,5 to 15% lower,0.60 to 1.64,6,2.83,2,Over 15% lower,3.84,4,Within 5%,3.34 to 4.68,4,"2,000-3,999 births",2.85,1.12,3.96
2024,78,Gloucestershire Hospitals NHS Foundation Trust,England,South West,,,South West,-2.23388668,51.8660876,5427,22,4.05,5,Over 5% higher,2.98,4,Within 5%,2.48 to 3.73,5405,3,0.56,2,Over 15% lower,0.92,3,5 to 15% lower,0.54 to 1.48,25,4.61,5,Over 5% higher,3.89,4,Within 5%,3.36 to 4.95,3,"4,000 or more births",2.93,1.04,3.96
2024,81,Great Western Hospitals NHS Foundation Trust,England,South West,,,South West,-1.727692548,51.53816086,3692,8,2.17,2,Over 15% lower,2.83,4,Within 5%,2.36 to 3.35,3684,3,0.81,2,Over 15% lower,1.08,4,Within 5%,0.65 to 1.71,11,2.98,2,Over 15% lower,3.91,4,Within 5%,3.36 to 4.79,4,"2,000-3,999 births",2.85,1.12,3.96
2024,83,Guy's and St Thomas' NHS Foundation Trust,England,London,,,London,-0.119670704,51.49790787,6373,33,5.18,5,Over 5% higher,3.55,4,Within 5%,2.99 to 4.29,6340,18,2.84,5,Over 5% higher,2.51,5,Over 5% higher,1.73 to 3.60,51,8,5,Over 5% higher,6.05,4,Within 5%,5.20 to 7.68,1,Level 3 NICU & neonatal surgery,3.49,2.36,5.84
2024,84,Hampshire Hospitals NHS Foundation Trust,England,South East,,,Thames Valley and Wessex,-1.330958692,51.06137496,4616,11,2.38,2,Over 15% lower,2.92,4,Within 5%,2.54 to 3.49,4605,4,0.87,2,Over 15% lower,1.05,4,Within 5%,0.65 to 1.64,15,3.25,2,Over 15% lower,3.97,4,Within 5%,3.47 to 4.80,3,"4,000 or more births",2.93,1.04,3.96
2024,85,Harrogate and District NHS Foundation Trust,England,North East and Yorkshire,,,Yorkshire & Humber,-1.517832889,53.99379865,1713,-1,-1,0,Suppressed due to small numbers,2.53,4,Within 5%,1.78 to 3.24,1712,-1,-1,0,Suppressed due to small numbers,0.69,3,5 to 15% lower,0.33 to 1.18,-1,-1,0,Suppressed due to small numbers,3.22,4,Within 5%,2.34 to 4.15,5,"Under 2,000 births",2.55,0.74,3.29
2024,91,Homerton Healthcare NHS Foundation Trust,England,London,,,London,-0.046098772,51.55063377,5972,26,4.35,5,Over 5% higher,3.53,4,Within 5%,2.97 to 4.21,5946,13,2.19,5,Over 5% higher,2.02,5,Over 5% higher,1.36 to 3.04,39,6.53,5,Over 5% higher,5.55,4,Within 5%,4.86 to 7.04,2,Level 3 NICU,3.5,1.92,5.42
2024,93,Hull University Teaching Hospitals NHS Trust,England,North East and Yorkshire,,,Yorkshire & Humber,-0.358271255,53.74441185,4653,16,3.44,4,Within 5%,3.5,4,Within 5%,3.01 to 4.11,4637,6,1.29,2,Over 15% lower,1.95,2,Over 15% lower,1.34 to 3.06,22,4.73,2,Over 15% lower,5.41,3,5 to 15% lower,4.75 to 7.00,1,Level 3 NICU & neonatal surgery,3.49,2.36,5.84
2024,95,Hywel Dda University Health Board,Wales,Wales,,,Wales,-4.071296661,52.41603681,2825,-1,-1,0,Suppressed due to small numbers,2.82,4,Within 5%,2.36 to 3.30,2820,-1,-1,0,Suppressed due to small numbers,1.08,4,Within 5%,0.68 to 1.79,7,2.48,2,Over 15% lower,3.9,4,Within 5%,3.36 to 4.76,4,"2,000-3,999 births",2.85,1.12,3.96
2024,96,Imperial College Healthcare NHS Trust,England,London,,,London,-0.236658408,51.51652304,9861,29,2.94,2,Over 15% lower,3.44,4,Within 5%,2.77 to 4.08,9832,13,1.32,2,Over 15% lower,1.55,2,Over 15% lower,1.06 to 2.40,42,4.26,2,Over 15% lower,4.96,3,5 to 15% lower,4.23 to 6.33,2,Level 3 NICU,3.5,1.92,5.42
2024,99,Isle of Wight NHS Trust,England,South East,,,Thames Valley and Wessex,-1.300887078,50.71110111,904,-1,-1,0,Suppressed due to small numbers,2.55,4,Within 5%,1.86 to 3.40,902,-1,-1,0,Suppressed due to small numbers,0.71,4,Within 5%,0.34 to 1.24,-1,-1,0,Suppressed due to small numbers,3.25,4,Within 5%,2.43 to 4.25,5,"Under 2,000 births",2.55,0.74,3.29
2024,100,James Paget University Hospitals NHS Foundation Trust,England,East of England,,,East of England,1.717979928,52.56167214,1627,-1,-1,0,Suppressed due to small numbers,2.53,4,Within 5%,1.81 to 3.22,1625,-1,-1,0,Suppressed due to small numbers,0.82,5,Over 5% higher,0.44 to 1.55,5,3.07,3,5 to 15% lower,3.36,4,Within 5%,2.57 to 4.39,5,"Under 2,000 births",2.55,0.74,3.29
2024,103,Kettering General Hospital NHS Foundation Trust,England,Midlands,,,East Midlands,-0.741293113,52.40278284,3024,9,2.98,4,Within 5%,2.84,4,Within 5%,2.36 to 3.38,3015,5,1.66,5,Over 5% higher,1.23,5,Over 5% higher,0.76 to 2.00,14,4.63,5,Over 5% higher,4.07,4,Within 5%,3.52 to 5.04,4,"2,000-3,999 births",2.85,1.12,3.96
2024,104,King's College Hospital NHS Foundation Trust,England,London,,,London,-0.092305953,51.46835686,7484,22,2.94,2,Over 15% lower,3.46,4,Within 5%,2.81 to 4.06,7462,9,1.21,2,Over 15% lower,1.88,2,Over 15% lower,1.25 to 2.79,31,4.14,2,Over 15% lower,5.35,3,5 to 15% lower,4.57 to 6.68,1,Level 3 NICU & neonatal surgery,3.49,2.36,5.84
2024,105,Kingston and Richmond NHS Foundation Trust,England,London,,,London,-0.283089971,51.41428465,4649,-1,-1,0,Suppressed due to small numbers,2.94,4,Within 5%,2.51 to 3.45,4636,-1,-1,0,Suppressed due to small numbers,0.9,3,5 to 15% lower,0.56 to 1.43,14,3.01,2,Over 15% lower,3.84,4,Within 5%,3.37 to 4.65,3,"4,000 or more births",2.93,1.04,3.96
2024,107,Lancashire Teaching Hospitals NHS Foundation Trust,England,North West,,,North West,-2.707403408,53.79134978,4296,8,1.86,2,Over 15% lower,3.45,4,Within 5%,2.71 to 4.07,4288,8,1.87,4,Within 5%,1.99,4,Within 5%,1.29 to 3.01,16,3.72,2,Over 15% lower,5.43,4,Within 5%,4.50 to 6.79,2,Level 3 NICU,3.5,1.92,5.42
2024,111,Lewisham and Greenwich NHS Trust,England,London,,,London,-0.017050825,51.45432952,6680,18,2.69,3,5 to 15% lower,2.88,4,Within 5%,2.39 to 3.38,6662,6,0.9,3,5 to 15% lower,0.98,3,5 to 15% lower,0.61 to 1.55,24,3.59,3,5 to 15% lower,3.86,4,Within 5%,3.30 to 4.67,3,"4,000 or more births",2.93,1.04,3.96
2024,116,Liverpool Women's NHS Foundation Trust,England,North West,,,North West,-2.959982485,53.39827297,7131,17,2.38,2,Over 15% lower,3.42,4,Within 5%,2.71 to 4.13,7114,22,3.09,5,Over 5% higher,2.73,5,Over 5% higher,1.91 to 3.88,39,5.47,3,5 to 15% lower,6.15,5,Over 5% higher,5.09 to 7.77,1,Level 3 NICU & neonatal surgery,3.49,2.36,5.84
2024,293,London North West University Healthcare NHS Trust,England,London,,,London,-0.322481448,51.57509848,3801,14,3.68,5,Over 5% higher,2.85,4,Within 5%,2.41 to 3.35,3787,4,1.06,3,5 to 15% lower,1.05,3,5 to 15% lower,0.66 to 1.61,18,4.74,5,Over 5% higher,3.9,4,Within 5%,3.45 to 4.77,4,"2,000-3,999 births",2.85,1.12,3.96
2024,119,Maidstone and Tunbridge Wells NHS Trust,England,South East,,,"Kent, Surrey and Sussex",0.307261977,51.14914926,5496,16,2.91,4,Within 5%,2.94,4,Within 5%,2.53 to 3.53,5480,4,0.73,2,Over 15% lower,1.02,4,Within 5%,0.66 to 1.60,20,3.64,3,5 to 15% lower,3.96,4,Within 5%,3.50 to 4.92,3,"4,000 or more births",2.93,1.04,3.96
2024,297,Manchester University NHS Foundation Trust,England,North West,,,North West,-2.224708374,53.46142608,16178,64,3.96,5,Over 5% higher,3.49,4,Within 5%,2.95 to 4.08,16114,24,1.49,2,Over 15% lower,1.82,2,Over 15% lower,1.29 to 2.64,88,5.44,3,5 to 15% lower,5.34,3,5 to 15% lower,4.66 to 6.56,1,Level 3 NICU & neonatal surgery,3.49,2.36,5.84
2024,98,Manx Care,Crown Dependencies,,,,,-4.503341675,54.16223899,584,-1,-1,0,Suppressed due to small numbers,2.56,4,Within 5%,1.90 to 3.46,581,-1,-1,0,Suppressed due to small numbers,0.76,4,Within 5%,0.40 to 1.39,4,6.85,5,Over 5% higher,3.32,4,Within 5%,2.57 to 4.53,5,"Under 2,000 births",2.55,0.74,3.29
2024,121,Medway NHS Foundation Trust,England,South East,,,"Kent, Surrey and Sussex",0.542217593,51.37826671,4457,11,2.47,2,Over 15% lower,3.47,4,Within 5%,2.87 to 3.99,4446,8,1.8,3,5 to 15% lower,1.91,4,Within 5%,1.26 to 2.93,19,4.26,2,Over 15% lower,5.38,4,Within 5%,4.62 to 6.78,2,Level 3 NICU,3.5,1.92,5.42
2024,219,Mersey and West Lancashire Teaching Hospitals NHS Trust,England,North West,,,North West,-2.786013334,53.42081276,5762,9,1.56,2,Over 15% lower,2.87,4,Within 5%,2.26 to 3.42,5753,6,1.04,4,Within 5%,1.07,4,Within 5%,0.67 to 1.70,15,2.6,2,Over 15% lower,3.94,4,Within 5%,3.30 to 4.75,3,"4,000 or more births",2.93,1.04,3.96
2024,214,Mid and South Essex NHS Foundation Trust,England,East of England,,,East of England,0.689093366,51.55383564,11041,26,2.35,2,Over 15% lower,2.91,4,Within 5%,2.48 to 3.38,11015,12,1.09,4,Within 5%,1.07,4,Within 5%,0.71 to 1.69,38,3.44,3,5 to 15% lower,3.98,4,Within 5%,3.46 to 4.93,3,"4,000 or more births",2.93,1.04,3.96
2024,123,Mid Cheshire Hospitals NHS Foundation Trust,England,North West,,,North West,-2.475863107,53.11768515,2788,8,2.87,4,Within 5%,2.85,4,Within 5%,2.44 to 3.31,2780,3,1.08,4,Within 5%,1.12,4,Within 5%,0.72 to 1.78,11,3.95,4,Within 5%,3.97,4,Within 5%,3.46 to 4.94,4,"2,000-3,999 births",2.85,1.12,3.96
2024,237,Mid Yorkshire Teaching NHS Trust,England,North East and Yorkshire,,,Yorkshire & Humber,-1.651035523,53.70142312,5641,18,3.19,5,Over 5% higher,2.93,4,Within 5%,2.54 to 3.46,5623,8,1.42,5,Over 5% higher,1.15,5,Over 5% higher,0.74 to 1.84,26,4.61,5,Over 5% higher,4.08,4,Within 5%,3.57 to 5.09,3,"4,000 or more births",2.93,1.04,3.96
2024,126,Milton Keynes University Hospital NHS Foundation Trust,England,East of England,,,Thames Valley and Wessex,-0.735795391,52.02638278,3841,10,2.6,3,5 to 15% lower,2.83,4,Within 5%,2.41 to 3.26,3831,8,2.09,5,Over 5% higher,1.33,5,Over 5% higher,0.84 to 2.17,18,4.69,5,Over 5% higher,4.15,4,Within 5%,3.63 to 5.18,4,"2,000-3,999 births",2.85,1.12,3.96
2024,128,NHS Ayrshire & Arran,Scotland,Scotland,,,Scotland,-4.539408686,55.61393979,2755,4,1.45,2,Over 15% lower,2.82,4,Within 5%,2.30 to 3.26,2751,4,1.45,5,Over 5% higher,1.18,4,Within 5%,0.75 to 1.97,8,2.9,2,Over 15% lower,4,4,Within 5%,3.45 to 5.00,4,"2,000-3,999 births",2.85,1.12,3.96
2024,129,NHS Borders,Scotland,Scotland,,,Scotland,-2.741940858,55.59547849,847,-1,-1,0,Suppressed due to small numbers,2.54,4,Within 5%,1.84 to 3.41,846,-1,-1,0,Suppressed due to small numbers,0.71,4,Within 5%,0.35 to 1.21,-1,-1,0,Suppressed due to small numbers,3.25,4,Within 5%,2.48 to 4.30,5,"Under 2,000 births",2.55,0.74,3.29
2024,131,NHS Dumfries & Galloway,Scotland,Scotland,,,Scotland,-3.599237906,55.05630041,1043,-1,-1,0,Suppressed due to small numbers,2.57,4,Within 5%,1.89 to 3.57,1037,-1,-1,0,Suppressed due to small numbers,0.7,4,Within 5%,0.33 to 1.26,6,5.75,5,Over 5% higher,3.28,4,Within 5%,2.51 to 4.57,5,"Under 2,000 births",2.55,0.74,3.29
2024,132,NHS Fife,Scotland,Scotland,,,Scotland,-3.161283618,56.12581322,2648,11,4.15,5,Over 5% higher,2.87,4,Within 5%,2.46 to 3.43,2637,6,2.28,5,Over 5% higher,1.27,5,Over 5% higher,0.82 to 2.02,17,6.42,5,Over 5% higher,4.17,5,Over 5% higher,3.59 to 5.28,4,"2,000-3,999 births",2.85,1.12,3.96
2024,133,NHS Forth Valley,Scotland,Scotland,,,Scotland,-3.848094462,56.0255507,2748,8,2.91,4,Within 5%,2.85,4,Within 5%,2.40 to 3.39,2740,6,2.19,5,Over 5% higher,1.31,5,Over 5% higher,0.81 to 2.17,14,5.09,5,Over 5% higher,4.18,5,Over 5% higher,3.59 to 5.34,4,"2,000-3,999 births",2.85,1.12,3.96
2024,134,NHS Grampian,Scotland,Scotland,,,Scotland,-2.132073324,57.15525996,4646,16,3.44,4,Within 5%,3.53,4,Within 5%,2.97 to 4.12,4630,6,1.3,2,Over 15% lower,2.06,3,5 to 15% lower,1.32 to 3.06,22,4.74,2,Over 15% lower,5.55,3,5 to 15% lower,4.79 to 7.03,1,Level 3 NICU & neonatal surgery,3.49,2.36,5.84
2024,135,NHS Greater Glasgow and Clyde,Scotland,Scotland,,,Scotland,-4.232245951,55.86524198,13420,33,2.46,2,Over 15% lower,3.4,4,Within 5%,2.60 to 4.19,13387,16,1.2,2,Over 15% lower,1.78,2,Over 15% lower,1.23 to 2.58,49,3.65,2,Over 15% lower,5.19,3,5 to 15% lower,4.40 to 6.43,1,Level 3 NICU & neonatal surgery,3.49,2.36,5.84
2024,136,NHS Highland,Scotland,Scotland,,,Scotland,-4.19247156,57.47382323,1841,-1,-1,0,Suppressed due to small numbers,2.57,4,Within 5%,1.93 to 3.47,1834,-1,-1,0,Suppressed due to small numbers,0.72,4,Within 5%,0.36 to 1.24,8,4.35,5,Over 5% higher,3.28,4,Within 5%,2.49 to 4.44,5,"Under 2,000 births",2.55,0.74,3.29
2024,137,NHS Lanarkshire,Scotland,Scotland,,,Scotland,-3.941748679,55.77369601,4036,13,3.22,3,5 to 15% lower,3.51,4,Within 5%,2.96 to 4.16,4023,12,2.98,5,Over 5% higher,2.49,5,Over 5% higher,1.62 to 3.93,25,6.19,5,Over 5% higher,6,5,Over 5% higher,5.15 to 7.70,2,Level 3 NICU,3.5,1.92,5.42
2024,138,NHS Lothian,Scotland,Scotland,,,Scotland,-3.523089391,55.89188825,8251,27,3.27,3,5 to 15% lower,3.53,4,Within 5%,2.92 to 4.21,8224,14,1.7,2,Over 15% lower,2.21,3,5 to 15% lower,1.50 to 3.23,41,4.97,3,5 to 15% lower,5.73,4,Within 5%,4.89 to 7.11,1,Level 3 NICU & neonatal surgery,3.49,2.36,5.84
2024,139,NHS Orkney,Scotland,Scotland,,,Scotland,-2.966063684,58.97654423,112,-1,-1,0,Suppressed due to small numbers,2.55,4,Within 5%,1.87 to 3.38,112,-1,-1,0,Suppressed due to small numbers,0.73,4,Within 5%,0.37 to 1.28,-1,-1,0,Suppressed due to small numbers,3.28,4,Within 5%,2.49 to 4.29,5,"Under 2,000 births",2.55,0.74,3.29
2024,140,NHS Shetland,Scotland,Scotland,,,Scotland,-1.155648827,60.15095941,89,-1,-1,0,Suppressed due to small numbers,2.55,4,Within 5%,1.86 to 3.32,89,-1,-1,0,Suppressed due to small numbers,0.73,4,Within 5%,0.34 to 1.34,-1,-1,0,Suppressed due to small numbers,3.28,4,Within 5%,2.50 to 4.34,5,"Under 2,000 births",2.55,0.74,3.29
2024,141,NHS Tayside,Scotland,Scotland,,,Scotland,-2.991362218,56.46165295,3399,9,2.65,2,Over 15% lower,3.49,4,Within 5%,2.89 to 4.00,3390,4,1.18,2,Over 15% lower,1.82,3,5 to 15% lower,1.19 to 2.71,13,3.82,2,Over 15% lower,5.3,4,Within 5%,4.56 to 6.60,2,Level 3 NICU,3.5,1.92,5.42
2024,142,NHS Western Isles,Scotland,Scotland,,,Scotland,-6.3858188,58.20806253,140,-1,-1,0,Suppressed due to small numbers,2.56,4,Within 5%,1.89 to 3.40,139,-1,-1,0,Suppressed due to small numbers,0.73,4,Within 5%,0.36 to 1.31,-1,-1,0,Suppressed due to small numbers,3.29,4,Within 5%,2.48 to 4.53,5,"Under 2,000 births",2.55,0.74,3.29
2024,143,Norfolk and Norwich University Hospitals NHS Foundation Trust,England,East of England,,,East of England,1.221066846,52.61808587,4802,17,3.54,4,Within 5%,3.52,4,Within 5%,2.95 to 4.13,4785,8,1.67,2,Over 15% lower,2.11,3,5 to 15% lower,1.41 to 3.22,25,5.21,3,5 to 15% lower,5.59,4,Within 5%,4.77 to 7.23,1,Level 3 NICU & neonatal surgery,3.49,2.36,5.84
2024,146,North Bristol NHS Trust,England,South West,,,South West,-2.592948534,51.49733293,5363,11,2.05,2,Over 15% lower,3.45,4,Within 5%,2.80 to 3.96,5352,6,1.12,2,Over 15% lower,1.66,3,5 to 15% lower,1.06 to 2.46,17,3.17,2,Over 15% lower,5.09,3,5 to 15% lower,4.32 to 6.21,2,Level 3 NICU,3.5,1.92,5.42
2024,147,North Cumbria Integrated Care NHS Foundation Trust,England,North East and Yorkshire,,,Northern,-2.955294898,54.89574471,2466,8,3.24,5,Over 5% higher,2.86,4,Within 5%,2.48 to 3.36,2458,4,1.63,5,Over 5% higher,1.22,5,Over 5% higher,0.75 to 1.95,12,4.87,5,Over 5% higher,4.08,4,Within 5%,3.55 to 5.11,4,"2,000-3,999 births",2.85,1.12,3.96
2024,153,North Tees and Hartlepool NHS Foundation Trust,England,North East and Yorkshire,,,Northern,-1.34675952,54.58293317,2536,-1,-1,0,Suppressed due to small numbers,2.83,4,Within 5%,2.41 to 3.31,2530,-1,-1,0,Suppressed due to small numbers,1.11,4,Within 5%,0.65 to 1.83,8,3.15,2,Over 15% lower,3.94,4,Within 5%,3.40 to 4.82,4,"2,000-3,999 births",2.85,1.12,3.96
2024,171,North West Anglia NHS Foundation Trust,England,East of England,,,East of England,-0.202678698,52.33334983,5905,18,3.05,4,Within 5%,2.93,4,Within 5%,2.53 to 3.52,5887,11,1.87,5,Over 5% higher,1.29,5,Over 5% higher,0.80 to 2.05,29,4.91,5,Over 5% higher,4.24,5,Over 5% higher,3.62 to 5.30,3,"4,000 or more births",2.93,1.04,3.96
2024,155,Northampton General Hospital NHS Trust,England,Midlands,,,East Midlands,-0.886687282,52.23713239,4126,-1,-1,0,Suppressed due to small numbers,2.92,4,Within 5%,2.52 to 3.48,4114,-1,-1,0,Suppressed due to small numbers,0.89,3,5 to 15% lower,0.56 to 1.48,13,3.15,2,Over 15% lower,3.81,4,Within 5%,3.37 to 4.68,3,"4,000 or more births",2.93,1.04,3.96
2024,240,Northern Care Alliance NHS Foundation Trust,England,North West,,,North West,-2.229486529,53.51788238,4944,17,3.44,4,Within 5%,3.47,4,Within 5%,2.80 to 4.08,4927,9,1.83,4,Within 5%,1.88,4,Within 5%,1.28 to 2.83,26,5.26,4,Within 5%,5.35,4,Within 5%,4.61 to 6.67,2,Level 3 NICU,3.5,1.92,5.42
2024,158,Northern Health and Social Care Trust,Northern Ireland,Northern Ireland,,,Northern Ireland,-6.187415783,54.73129587,3343,10,2.99,5,Over 5% higher,2.86,4,Within 5%,2.47 to 3.33,3333,3,0.9,2,Over 15% lower,1.12,4,Within 5%,0.68 to 1.77,13,3.89,4,Within 5%,3.97,4,Within 5%,3.47 to 4.84,4,"2,000-3,999 births",2.85,1.12,3.96
2024,160,Northern Lincolnshire and Goole Hospitals NHS Foundation Trust,England,North East and Yorkshire,,,Yorkshire & Humber,-0.096213098,53.54486634,3734,14,3.75,5,Over 5% higher,2.87,4,Within 5%,2.44 to 3.36,3720,6,1.61,5,Over 5% higher,1.15,4,Within 5%,0.73 to 1.86,20,5.36,5,Over 5% higher,4.01,4,Within 5%,3.45 to 5.04,4,"2,000-3,999 births",2.85,1.12,3.96
2024,162,Northumbria Healthcare NHS Foundation Trust,England,North East and Yorkshire,,,Northern,-1.546601959,55.18431002,3623,-1,-1,0,Suppressed due to small numbers,2.85,4,Within 5%,2.46 to 3.30,3613,-1,-1,0,Suppressed due to small numbers,1.01,3,5 to 15% lower,0.63 to 1.69,11,3.04,2,Over 15% lower,3.87,4,Within 5%,3.41 to 4.74,4,"2,000-3,999 births",2.85,1.12,3.96
2024,163,Nottingham University Hospitals NHS Trust,England,Midlands,,,East Midlands,-1.185799632,52.94343883,7271,19,2.61,2,Over 15% lower,3.42,4,Within 5%,2.68 to 4.21,7252,14,1.93,2,Over 15% lower,1.99,2,Over 15% lower,1.43 to 2.92,33,4.54,2,Over 15% lower,5.39,3,5 to 15% lower,4.58 to 6.95,1,Level 3 NICU & neonatal surgery,3.49,2.36,5.84
2024,166,Oxford University Hospitals NHS Foundation Trust,England,South East,,,Thames Valley and Wessex,-1.219806352,51.76387059,7394,19,2.57,2,Over 15% lower,3.47,4,Within 5%,2.92 to 4.05,7375,10,1.36,2,Over 15% lower,1.88,2,Over 15% lower,1.27 to 2.86,29,3.92,2,Over 15% lower,5.28,3,5 to 15% lower,4.52 to 6.76,1,Level 3 NICU & neonatal surgery,3.49,2.36,5.84
2024,174,Portsmouth Hospitals University NHS Trust,England,South East,,,Thames Valley and Wessex,-1.071323824,50.84958907,4841,18,3.72,5,Over 5% higher,3.53,4,Within 5%,2.94 to 4.20,4823,4,0.83,2,Over 15% lower,1.5,2,Over 15% lower,0.94 to 2.25,22,4.54,2,Over 15% lower,4.95,3,5 to 15% lower,4.29 to 6.19,2,Level 3 NICU,3.5,1.92,5.42
2024,175,Powys Teaching Health Board,Wales,Wales,,,Wales,-3.377196373,52.24209297,172,-1,-1,0,Suppressed due to small numbers,2.55,4,Within 5%,1.84 to 3.40,172,-1,-1,0,Suppressed due to small numbers,0.73,4,Within 5%,0.37 to 1.28,-1,-1,0,Suppressed due to small numbers,3.27,4,Within 5%,2.41 to 4.48,5,"Under 2,000 births",2.55,0.74,3.29
2024,296,RAF Lakenheath (48th Medical Group),England,,,,,0.527771499,52.41794655,392,-1,-1,0,Suppressed due to small numbers,2.55,4,Within 5%,1.87 to 3.37,392,-1,-1,0,Suppressed due to small numbers,0.73,4,Within 5%,0.37 to 1.26,-1,-1,0,Suppressed due to small numbers,3.27,4,Within 5%,2.45 to 4.31,5,"Under 2,000 births",2.55,0.74,3.29
2024,179,Royal Berkshire NHS Foundation Trust,England,South East,,,Thames Valley and Wessex,-0.958645039,51.45140241,4560,-1,-1,0,Suppressed due to small numbers,2.91,4,Within 5%,2.45 to 3.41,4549,-1,-1,0,Suppressed due to small numbers,0.88,2,Over 15% lower,0.52 to 1.43,12,2.63,2,Over 15% lower,3.79,4,Within 5%,3.31 to 4.63,3,"4,000 or more births",2.93,1.04,3.96
2024,181,Royal Cornwall Hospitals NHS Trust,England,South West,,,South West,-5.091450065,50.26668644,3390,5,1.47,2,Over 15% lower,2.81,4,Within 5%,2.30 to 3.27,3385,5,1.48,5,Over 5% higher,1.2,5,Over 5% higher,0.75 to 1.89,10,2.95,2,Over 15% lower,4.01,4,Within 5%,3.34 to 4.90,4,"2,000-3,999 births",2.85,1.12,3.96
2024,182,Royal Devon University Healthcare NHS Foundation Trust,England,South West,,,South West,-3.506680101,50.71671184,4618,20,4.33,5,Over 5% higher,2.98,4,Within 5%,2.50 to 3.81,4598,7,1.52,5,Over 5% higher,1.19,5,Over 5% higher,0.75 to 1.91,27,5.85,5,Over 5% higher,4.18,5,Over 5% higher,3.59 to 5.33,3,"4,000 or more births",2.93,1.04,3.96
2024,183,Royal Free London NHS Foundation Trust,England,London,,,London,-0.165323655,51.5532242,10787,29,2.69,3,5 to 15% lower,2.89,4,Within 5%,2.44 to 3.43,10758,8,0.74,2,Over 15% lower,0.94,3,5 to 15% lower,0.61 to 1.48,37,3.43,3,5 to 15% lower,3.83,4,Within 5%,3.33 to 4.70,3,"4,000 or more births",2.93,1.04,3.96
2024,187,Royal Surrey County Hospital NHS Foundation Trust,England,South East,,,"Kent, Surrey and Sussex",-0.607462336,51.24102514,3096,9,2.91,4,Within 5%,2.86,4,Within 5%,2.44 to 3.37,3087,3,0.97,3,5 to 15% lower,1.18,5,Over 5% higher,0.70 to 1.99,12,3.88,4,Within 5%,4.03,4,Within 5%,3.54 to 5.02,4,"2,000-3,999 births",2.85,1.12,3.96
2024,188,Royal United Hospitals Bath NHS Foundation Trust,England,South West,,,South West,-2.391203448,51.3916653,4029,10,2.48,2,Over 15% lower,2.92,4,Within 5%,2.53 to 3.42,4019,3,0.75,2,Over 15% lower,1.01,4,Within 5%,0.62 to 1.69,13,3.23,2,Over 15% lower,3.93,4,Within 5%,3.42 to 4.84,3,"4,000 or more births",2.93,1.04,3.96
2024,190,Salisbury NHS Foundation Trust,England,South West,,,Thames Valley and Wessex,-1.789822531,51.04395528,1996,-1,-1,0,Suppressed due to small numbers,2.84,4,Within 5%,2.37 to 3.33,1992,-1,-1,0,Suppressed due to small numbers,1.06,3,5 to 15% lower,0.64 to 1.75,5,2.51,2,Over 15% lower,3.89,4,Within 5%,3.36 to 4.80,4,"2,000-3,999 births",2.85,1.12,3.96
2024,191,Sandwell and West Birmingham Hospitals NHS Trust,England,Midlands,,,West Midlands,-1.92942684,52.48982133,5361,27,5.04,5,Over 5% higher,2.95,4,Within 5%,2.57 to 3.55,5334,11,2.06,5,Over 5% higher,1.15,5,Over 5% higher,0.77 to 1.81,38,7.09,5,Over 5% higher,4.1,4,Within 5%,3.63 to 5.11,3,"4,000 or more births",2.93,1.04,3.96
2024,195,Sheffield Teaching Hospitals NHS Foundation Trust,England,North East and Yorkshire,,,Yorkshire & Humber,-1.494766075,53.37905299,5627,28,4.98,5,Over 5% higher,3.56,4,Within 5%,2.93 to 4.33,5599,13,2.32,4,Within 5%,2.17,3,5 to 15% lower,1.52 to 3.15,41,7.29,5,Over 5% higher,5.69,4,Within 5%,4.89 to 7.36,1,Level 3 NICU & neonatal surgery,3.49,2.36,5.84
2024,196,Sherwood Forest Hospitals NHS Foundation Trust,England,Midlands,,,East Midlands,-1.238092651,53.13469174,3507,-1,-1,0,Suppressed due to small numbers,2.87,4,Within 5%,2.48 to 3.50,3493,-1,-1,0,Suppressed due to small numbers,1.01,3,5 to 15% lower,0.66 to 1.61,16,4.56,5,Over 5% higher,3.87,4,Within 5%,3.38 to 4.92,4,"2,000-3,999 births",2.85,1.12,3.96
2024,229,Somerset NHS Foundation Trust,England,South West,,,South West,-2.63471,50.94484,4108,11,2.68,3,5 to 15% lower,2.92,4,Within 5%,2.52 to 3.43,4097,6,1.46,5,Over 5% higher,1.16,5,Over 5% higher,0.74 to 1.89,17,4.14,4,Within 5%,4.08,4,Within 5%,3.54 to 5.09,3,"4,000 or more births",2.93,1.04,3.96
2024,203,South Eastern Health and Social Care Trust,Northern Ireland,Northern Ireland,,,Northern Ireland,-5.816312587,54.59569535,3569,7,1.96,2,Over 15% lower,2.83,4,Within 5%,2.40 to 3.22,3562,6,1.68,5,Over 5% higher,1.26,5,Over 5% higher,0.77 to 1.99,13,3.64,3,5 to 15% lower,4.11,4,Within 5%,3.50 to 5.04,4,"2,000-3,999 births",2.85,1.12,3.96
2024,208,South Tees Hospitals NHS Foundation Trust,England,North East and Yorkshire,,,Northern,-1.214273582,54.55207515,4672,20,4.28,5,Over 5% higher,3.55,4,Within 5%,3.00 to 4.24,4652,7,1.5,2,Over 15% lower,1.8,3,5 to 15% lower,1.15 to 2.74,27,5.78,5,Over 5% higher,5.33,4,Within 5%,4.67 to 6.69,2,Level 3 NICU,3.5,1.92,5.42
2024,47,South Tyneside and Sunderland NHS Foundation Trust,England,North East and Yorkshire,,,Northern,-1.411018196,54.90306329,3578,17,4.75,5,Over 5% higher,3.55,4,Within 5%,2.98 to 4.36,3561,9,2.53,5,Over 5% higher,2.32,5,Over 5% higher,1.48 to 3.66,26,7.27,5,Over 5% higher,5.84,5,Over 5% higher,5.05 to 7.54,2,Level 3 NICU,3.5,1.92,5.42
2024,210,South Warwickshire University NHS Foundation Trust,England,Midlands,,,West Midlands,-1.5832152,52.28995018,3377,-1,-1,0,Suppressed due to small numbers,2.85,4,Within 5%,2.42 to 3.33,3368,-1,-1,0,Suppressed due to small numbers,1.1,4,Within 5%,0.67 to 1.77,11,3.26,2,Over 15% lower,3.95,4,Within 5%,3.42 to 4.83,4,"2,000-3,999 births",2.85,1.12,3.96
2024,215,Southern Health and Social Care Trust,Northern Ireland,Northern Ireland,,,Northern Ireland,-6.409170158,54.43311586,4540,9,1.98,2,Over 15% lower,2.9,4,Within 5%,2.42 to 3.39,4531,5,1.1,5,Over 5% higher,1.08,4,Within 5%,0.68 to 1.76,14,3.08,2,Over 15% lower,3.98,4,Within 5%,3.46 to 4.92,3,"4,000 or more births",2.93,1.04,3.96
2024,218,St George's University Hospitals NHS Foundation Trust,England,London,,,London,-0.175745892,51.42672736,3929,21,5.34,5,Over 5% higher,3.56,4,Within 5%,2.99 to 4.39,3908,12,3.07,5,Over 5% higher,2.48,5,Over 5% higher,1.63 to 3.67,33,8.4,5,Over 5% higher,6.04,4,Within 5%,5.10 to 7.79,1,Level 3 NICU & neonatal surgery,3.49,2.36,5.84
2024,221,States of Guernsey Health & Social Services,Crown Dependencies,,,,,-2.538998,49.456814,422,-1,-1,0,Suppressed due to small numbers,2.56,4,Within 5%,1.89 to 3.41,420,-1,-1,0,Suppressed due to small numbers,0.72,4,Within 5%,0.35 to 1.25,-1,-1,0,Suppressed due to small numbers,3.27,4,Within 5%,2.51 to 4.36,5,"Under 2,000 births",2.55,0.74,3.29
2024,222,States of Jersey Health & Social Services,Crown Dependencies,,,,,-2.110228,49.185664,719,-1,-1,0,Suppressed due to small numbers,2.55,4,Within 5%,1.85 to 3.48,717,-1,-1,0,Suppressed due to small numbers,0.71,4,Within 5%,0.34 to 1.31,-1,-1,0,Suppressed due to small numbers,3.26,4,Within 5%,2.39 to 4.32,5,"Under 2,000 births",2.55,0.74,3.29
2024,223,Stockport NHS Foundation Trust,England,North West,,,North West,-2.132019855,53.3837869,2795,-1,-1,0,Suppressed due to small numbers,2.86,4,Within 5%,2.41 to 3.35,2785,-1,-1,0,Suppressed due to small numbers,0.99,3,5 to 15% lower,0.60 to 1.63,11,3.94,4,Within 5%,3.83,4,Within 5%,3.33 to 4.83,4,"2,000-3,999 births",2.85,1.12,3.96
2024,225,Surrey and Sussex Healthcare NHS Trust,England,South East,,,"Kent, Surrey and Sussex",-0.161288084,51.21860711,3926,7,1.78,2,Over 15% lower,2.89,4,Within 5%,2.41 to 3.41,3919,4,1.02,4,Within 5%,1.05,4,Within 5%,0.64 to 1.71,11,2.8,2,Over 15% lower,3.94,4,Within 5%,3.37 to 4.83,3,"4,000 or more births",2.93,1.04,3.96
2024,3,Swansea Bay University Health Board,Wales,Wales,,,Wales,-3.935120838,51.6846181,3318,13,3.92,5,Over 5% higher,3.54,4,Within 5%,2.94 to 4.25,3305,6,1.82,3,5 to 15% lower,1.93,4,Within 5%,1.23 to 3.03,19,5.73,5,Over 5% higher,5.46,4,Within 5%,4.67 to 6.96,2,Level 3 NICU,3.5,1.92,5.42
2024,228,Tameside and Glossop Integrated Care NHS Foundation Trust,England,North West,,,North West,-2.071856536,53.49220377,2172,-1,-1,0,Suppressed due to small numbers,2.82,4,Within 5%,2.30 to 3.25,2168,-1,-1,0,Suppressed due to small numbers,1.06,3,5 to 15% lower,0.66 to 1.72,6,2.76,2,Over 15% lower,3.87,4,Within 5%,3.32 to 4.79,4,"2,000-3,999 births",2.85,1.12,3.96
2024,234,The Dudley Group NHS Foundation Trust,England,Midlands,,,West Midlands,-2.117749817,52.50230635,4102,11,2.68,3,5 to 15% lower,2.9,4,Within 5%,2.41 to 3.43,4091,3,0.73,2,Over 15% lower,0.91,3,5 to 15% lower,0.59 to 1.44,14,3.41,3,5 to 15% lower,3.79,4,Within 5%,3.34 to 4.64,3,"4,000 or more births",2.93,1.04,3.96
2024,235,The Hillingdon Hospitals NHS Foundation Trust,England,London,,,London,-0.460905351,51.52551554,3928,-1,-1,0,Suppressed due to small numbers,2.85,4,Within 5%,2.46 to 3.31,3913,-1,-1,0,Suppressed due to small numbers,0.93,2,Over 15% lower,0.55 to 1.50,16,4.07,4,Within 5%,3.8,4,Within 5%,3.34 to 4.60,4,"2,000-3,999 births",2.85,1.12,3.96
2024,236,The Leeds Teaching Hospitals NHS Trust,England,North East and Yorkshire,,,Yorkshire & Humber,-1.551743589,53.8014452,8611,34,3.95,5,Over 5% higher,3.52,4,Within 5%,2.98 to 4.13,8577,35,4.08,5,Over 5% higher,3.84,5,Over 5% higher,2.47 to 5.54,69,8.01,5,Over 5% higher,7.24,5,Over 5% higher,5.97 to 9.20,1,Level 3 NICU & neonatal surgery,3.49,2.36,5.84
2024,238,The Newcastle upon Tyne Hospitals NHS Foundation Trust,England,North East and Yorkshire,,,Northern,-1.618109403,54.97975251,5078,13,2.56,2,Over 15% lower,3.45,4,Within 5%,2.80 to 4.06,5065,18,3.55,5,Over 5% higher,2.59,5,Over 5% higher,1.75 to 3.74,31,6.1,4,Within 5%,6.08,4,Within 5%,5.11 to 7.74,1,Level 3 NICU & neonatal surgery,3.49,2.36,5.84
2024,295,The Portland Hospital for Women and Children,England,,,,,-0.144347512,51.52315622,1510,-1,-1,0,Suppressed due to small numbers,2.52,4,Within 5%,1.76 to 3.26,1510,-1,-1,0,Suppressed due to small numbers,0.7,4,Within 5%,0.34 to 1.26,-1,-1,0,Suppressed due to small numbers,3.23,4,Within 5%,2.37 to 4.18,5,"Under 2,000 births",2.55,0.74,3.29
2024,241,The Princess Alexandra Hospital NHS Trust,England,East of England,,,East of England,0.086303423,51.77134302,3629,11,3.03,5,Over 5% higher,2.86,4,Within 5%,2.49 to 3.40,3618,6,1.66,5,Over 5% higher,1.31,5,Over 5% higher,0.83 to 2.10,17,4.68,5,Over 5% higher,4.17,5,Over 5% higher,3.63 to 5.21,4,"2,000-3,999 births",2.85,1.12,3.96
2024,242,The Queen Elizabeth Hospital King's Lynn NHS Foundation Trust,England,East of England,,,East of England,0.446999307,52.7567811,1828,6,3.28,5,Over 5% higher,2.56,4,Within 5%,1.90 to 3.47,1822,3,1.65,5,Over 5% higher,0.79,5,Over 5% higher,0.46 to 1.57,9,4.92,5,Over 5% higher,3.36,4,Within 5%,2.63 to 4.77,5,"Under 2,000 births",2.55,0.74,3.29
2024,244,The Rotherham NHS Foundation Trust,England,North East and Yorkshire,,,Yorkshire & Humber,-1.342572782,53.41441098,2467,10,4.05,5,Over 5% higher,2.86,4,Within 5%,2.45 to 3.41,2457,5,2.04,5,Over 5% higher,1.27,5,Over 5% higher,0.83 to 2.06,15,6.08,5,Over 5% higher,4.13,4,Within 5%,3.63 to 5.27,4,"2,000-3,999 births",2.85,1.12,3.96
2024,248,The Royal Wolverhampton NHS Trust,England,Midlands,,,West Midlands,-2.095949322,52.59772641,5317,21,3.95,5,Over 5% higher,3.5,4,Within 5%,2.97 to 4.07,5296,12,2.27,5,Over 5% higher,1.75,3,5 to 15% lower,1.22 to 2.62,33,6.21,5,Over 5% higher,5.22,4,Within 5%,4.59 to 6.44,2,Level 3 NICU,3.5,1.92,5.42
2024,249,The Shrewsbury and Telford Hospital NHS Trust,England,Midlands,,,West Midlands,-2.793751663,52.70935697,3956,10,2.53,3,5 to 15% lower,2.83,4,Within 5%,2.37 to 3.28,3946,6,1.52,5,Over 5% higher,1.14,4,Within 5%,0.72 to 1.77,16,4.04,4,Within 5%,3.97,4,Within 5%,3.41 to 4.88,4,"2,000-3,999 births",2.85,1.12,3.96
2024,201,Torbay and South Devon NHS Foundation Trust,England,South West,,,South West,-3.553790102,50.48232531,1715,-1,-1,0,Suppressed due to small numbers,2.55,4,Within 5%,1.84 to 3.42,1711,-1,-1,0,Suppressed due to small numbers,0.78,5,Over 5% higher,0.42 to 1.44,6,3.5,5,Over 5% higher,3.32,4,Within 5%,2.50 to 4.56,5,"Under 2,000 births",2.55,0.74,3.29
2024,252,United Lincolnshire Teaching Hospitals NHS Trust,England,Midlands,,,East Midlands,-0.522796303,53.23532265,4414,15,3.4,5,Over 5% higher,2.94,4,Within 5%,2.55 to 3.54,4399,4,0.91,3,5 to 15% lower,1.03,4,Within 5%,0.67 to 1.62,19,4.3,5,Over 5% higher,3.97,4,Within 5%,3.53 to 4.86,3,"4,000 or more births",2.93,1.04,3.96
2024,253,University College London Hospitals NHS Foundation Trust,England,London,,,London,-0.137012509,51.52486543,5957,24,4.03,5,Over 5% higher,3.52,4,Within 5%,2.93 to 4.17,5933,16,2.7,5,Over 5% higher,2.63,5,Over 5% higher,1.76 to 3.92,40,6.71,5,Over 5% higher,6.13,4,Within 5%,5.27 to 7.84,1,Level 3 NICU & neonatal surgery,3.49,2.36,5.84
2024,257,University Hospital Southampton NHS Foundation Trust,England,South East,,,Thames Valley and Wessex,-1.434863445,50.9352573,4911,20,4.07,5,Over 5% higher,3.54,4,Within 5%,2.99 to 4.27,4891,11,2.25,4,Within 5%,2.22,3,5 to 15% lower,1.53 to 3.32,31,6.31,5,Over 5% higher,5.72,4,Within 5%,4.86 to 7.30,1,Level 3 NICU & neonatal surgery,3.49,2.36,5.84
2024,254,University Hospitals Birmingham NHS Foundation Trust,England,Midlands,,,West Midlands,-1.829965589,52.48021804,8464,36,4.25,5,Over 5% higher,3.52,4,Within 5%,3.04 to 4.13,8428,23,2.73,5,Over 5% higher,2.38,5,Over 5% higher,1.59 to 3.44,59,6.97,5,Over 5% higher,5.88,5,Over 5% higher,5.16 to 7.41,2,Level 3 NICU,3.5,1.92,5.42
2024,259,University Hospitals Bristol and Weston NHS Foundation Trust,England,South West,,,South West,-2.599390811,51.45913079,4431,13,2.93,2,Over 15% lower,3.48,4,Within 5%,2.92 to 4.07,4418,13,2.94,5,Over 5% higher,2.75,5,Over 5% higher,1.76 to 4.13,26,5.87,4,Within 5%,6.22,5,Over 5% higher,5.21 to 7.98,1,Level 3 NICU & neonatal surgery,3.49,2.36,5.84
2024,258,University Hospitals Coventry and Warwickshire NHS Trust,England,Midlands,,,West Midlands,-1.443503057,52.42142369,5665,24,4.24,5,Over 5% higher,3.53,4,Within 5%,2.93 to 4.19,5641,14,2.48,5,Over 5% higher,2.01,4,Within 5%,1.40 to 2.96,38,6.71,5,Over 5% higher,5.54,4,Within 5%,4.83 to 6.92,2,Level 3 NICU,3.5,1.92,5.42
2024,173,University Hospitals Dorset NHS Foundation Trust,England,South West,,,Thames Valley and Wessex,-1.973116893,50.72198736,3747,-1,-1,0,Suppressed due to small numbers,2.85,4,Within 5%,2.43 to 3.30,3737,-1,-1,0,Suppressed due to small numbers,0.99,3,5 to 15% lower,0.60 to 1.61,12,3.2,2,Over 15% lower,3.82,4,Within 5%,3.28 to 4.70,4,"2,000-3,999 births",2.85,1.12,3.96
2024,33,University Hospitals of Derby and Burton NHS Foundation Trust,England,Midlands,,,East Midlands,-1.513320614,52.91155644,8134,20,2.46,2,Over 15% lower,2.89,4,Within 5%,2.38 to 3.39,8114,7,0.86,2,Over 15% lower,0.91,3,5 to 15% lower,0.59 to 1.41,27,3.32,2,Over 15% lower,3.77,4,Within 5%,3.32 to 4.64,3,"4,000 or more births",2.93,1.04,3.96
2024,260,University Hospitals of Leicester NHS Trust,England,Midlands,,,East Midlands,-1.13480282,52.62781654,9534,44,4.62,5,Over 5% higher,3.56,4,Within 5%,2.94 to 4.28,9490,33,3.48,5,Over 5% higher,2.88,5,Over 5% higher,1.94 to 4.10,77,8.08,5,Over 5% higher,6.45,5,Over 5% higher,5.47 to 8.14,1,Level 3 NICU & neonatal surgery,3.49,2.36,5.84
2024,261,University Hospitals of Morecambe Bay NHS Foundation Trust,England,North West,,,North West,-2.799021453,54.04288873,2541,-1,-1,0,Suppressed due to small numbers,2.86,4,Within 5%,2.48 to 3.35,2533,-1,-1,0,Suppressed due to small numbers,1.09,4,Within 5%,0.66 to 1.77,10,3.94,4,Within 5%,3.94,4,Within 5%,3.43 to 4.86,4,"2,000-3,999 births",2.85,1.12,3.96
2024,255,University Hospitals of North Midlands NHS Trust,England,Midlands,,,West Midlands,-2.214872336,53.00402068,6072,18,2.96,2,Over 15% lower,3.47,4,Within 5%,2.90 to 4.07,6054,16,2.64,5,Over 5% higher,2.42,5,Over 5% higher,1.59 to 3.62,34,5.6,4,Within 5%,5.88,5,Over 5% higher,5.04 to 7.44,2,Level 3 NICU,3.5,1.92,5.42
2024,172,University Hospitals Plymouth NHS Trust,England,South West,,,South West,-4.11368451,50.41671997,3386,11,3.25,3,5 to 15% lower,3.51,4,Within 5%,2.91 to 4.05,3375,7,2.07,5,Over 5% higher,1.9,4,Within 5%,1.22 to 2.81,18,5.32,4,Within 5%,5.39,4,Within 5%,4.57 to 6.82,2,Level 3 NICU,3.5,1.92,5.42
2024,273,University Hospitals Sussex NHS Foundation Trust,England,South East,,,"Kent, Surrey and Sussex",-0.768026699,50.84356248,8529,11,1.29,2,Over 15% lower,3.38,4,Within 5%,2.43 to 4.25,8518,11,1.29,2,Over 15% lower,2.11,3,5 to 15% lower,1.41 to 3.07,22,2.58,2,Over 15% lower,5.49,3,5 to 15% lower,4.45 to 6.91,1,Level 3 NICU & neonatal surgery,3.49,2.36,5.84
2024,264,Walsall Healthcare NHS Trust,England,Midlands,,,West Midlands,-1.997447678,52.58469431,3832,14,3.65,5,Over 5% higher,2.84,4,Within 5%,2.45 to 3.32,3818,3,0.79,2,Over 15% lower,0.98,3,5 to 15% lower,0.63 to 1.55,17,4.44,5,Over 5% higher,3.82,4,Within 5%,3.38 to 4.65,4,"2,000-3,999 births",2.85,1.12,3.96
2024,265,Warrington and Halton Teaching Hospitals NHS Foundation Trust,England,North West,,,North West,-2.610732599,53.3939821,2469,6,2.43,3,5 to 15% lower,2.84,4,Within 5%,2.38 to 3.23,2463,3,1.22,5,Over 5% higher,1.16,4,Within 5%,0.69 to 1.89,9,3.65,3,5 to 15% lower,3.99,4,Within 5%,3.39 to 4.93,4,"2,000-3,999 births",2.85,1.12,3.96
2024,267,West Hertfordshire Teaching Hospitals NHS Trust,England,East of England,,,East of England,-0.40447202,51.64905069,3826,11,2.88,4,Within 5%,2.85,4,Within 5%,2.49 to 3.33,3815,3,0.79,2,Over 15% lower,1.1,4,Within 5%,0.66 to 1.77,14,3.66,3,5 to 15% lower,3.95,4,Within 5%,3.45 to 4.82,4,"2,000-3,999 births",2.85,1.12,3.96
2024,271,West Suffolk NHS Foundation Trust,England,East of England,,,East of England,0.70917557,52.23166231,2114,-1,-1,0,Suppressed due to small numbers,2.81,4,Within 5%,2.26 to 3.24,2113,-1,-1,0,Suppressed due to small numbers,1.13,4,Within 5%,0.68 to 1.86,3,1.42,2,Over 15% lower,3.94,4,Within 5%,3.28 to 4.87,4,"2,000-3,999 births",2.85,1.12,3.96
2024,272,Western Health and Social Care Trust,Northern Ireland,Northern Ireland,,,Northern Ireland,-7.290533264,54.98610497,3254,8,2.46,3,5 to 15% lower,2.84,4,Within 5%,2.43 to 3.34,3246,6,1.85,5,Over 5% higher,1.32,5,Over 5% higher,0.81 to 2.16,14,4.3,5,Over 5% higher,4.14,4,Within 5%,3.55 to 5.12,4,"2,000-3,999 births",2.85,1.12,3.96
2024,275,Whittington Health NHS Trust,England,London,,,London,-0.138175081,51.56668086,2623,5,1.91,2,Over 15% lower,2.82,4,Within 5%,2.32 to 3.23,2618,4,1.53,5,Over 5% higher,1.2,5,Over 5% higher,0.76 to 1.88,9,3.43,3,5 to 15% lower,4,4,Within 5%,3.46 to 4.89,4,"2,000-3,999 births",2.85,1.12,3.96
2024,277,Wirral University Teaching Hospital NHS Foundation Trust,England,North West,,,North West,-3.0954486,53.37084064,2920,7,2.4,2,Over 15% lower,3.48,4,Within 5%,2.90 to 4.07,2913,11,3.78,5,Over 5% higher,2.39,5,Over 5% higher,1.57 to 3.80,18,6.16,5,Over 5% higher,5.96,5,Over 5% higher,4.94 to 7.75,2,Level 3 NICU,3.5,1.92,5.42
2024,278,Worcestershire Acute Hospitals NHS Trust,England,Midlands,,,West Midlands,-2.181143497,52.19120211,4710,10,2.12,2,Over 15% lower,2.9,4,Within 5%,2.47 to 3.44,4700,5,1.06,4,Within 5%,1.07,4,Within 5%,0.71 to 1.71,15,3.18,2,Over 15% lower,3.97,4,Within 5%,3.47 to 4.93,3,"4,000 or more births",2.93,1.04,3.96
2024,280,"Wrightington, Wigan and Leigh Teaching Hospitals NHS Foundation Trust",England,North West,,,North West,-2.629526099,53.55754888,2407,-1,-1,0,Suppressed due to small numbers,2.82,4,Within 5%,2.36 to 3.28,2403,-1,-1,0,Suppressed due to small numbers,1.08,4,Within 5%,0.67 to 1.78,6,2.49,2,Over 15% lower,3.9,4,Within 5%,3.37 to 4.71,4,"2,000-3,999 births",2.85,1.12,3.96
2024,281,Wye Valley NHS Trust,England,Midlands,,,West Midlands,-2.705532728,52.05694195,1622,-1,-1,0,Suppressed due to small numbers,2.59,4,Within 5%,2.01 to 3.61,1613,-1,-1,0,Suppressed due to small numbers,0.77,5,Over 5% higher,0.41 to 1.41,11,6.78,5,Over 5% higher,3.36,4,Within 5%,2.73 to 4.62,5,"Under 2,000 births",2.55,0.74,3.29
2024,283,York and Scarborough Teaching Hospitals NHS Foundation Trust,England,North East and Yorkshire,,,Yorkshire & Humber,-1.083640069,53.97054712,3937,9,2.29,2,Over 15% lower,2.84,4,Within 5%,2.40 to 3.27,3928,4,1.02,3,5 to 15% lower,1.11,4,Within 5%,0.73 to 1.73,13,3.3,2,Over 15% lower,3.95,4,Within 5%,3.44 to 4.77,4,"2,000-3,999 births",2.85,1.12,3.96
